Requirement,Status,Evidence,Remaining Fix
1. Research objective,✓ PASS,Clearly stated in Section 2,None
2. Business question,✓ PASS,Explicitly defined in Section 2,None
3. Market scope,✓ PASS,Comprehensive scope table in Section 2,None
4. Research questions,✓ PASS,Eight questions documented,None
5. Research methodology,✓ PASS,Documented in Section 3,None
6. Internal dataset usage,✓ PASS,fra_cleaned.csv fully described,None
7. Quick Research usage,✓ PASS,QR-01 through QR-04 cited,None
8. 3–5 major insights,✓ PASS,Exactly 5 insights in Section 4,None
9. Evidence supporting each insight,✓ PASS,Each insight includes supporting evidence,None
10. Confidence assessment,✓ PASS,4-dimension confidence tables,None
11. Reliability assessment,✓ PASS,Comprehensive assessment included,None
12. Visual evidence,✓ PASS,5 charts with Visual Evidence Notes,None
13. Limitations and risks,✓ PASS,8 limitations + 14-item risk register,None
14. Strategic implications,✓ PASS,6-domain decision matrix,None
15. What Should NOT Be Concluded,✓ PASS,7 explicit non-conclusions,None
16. Leadership summary,✓ PASS,5 paragraphs in Section 1,None
17. Recommended next steps,✓ PASS,6 actions in Section 9,None
18. Source registry / appendix,✓ PASS,Appendix A created with 17 sources,None